Home,H Score,H Win%,Away,A Score,A Win%,Spread,Total,Game Score,H Conf,A Conf,Conf_H,W_H,L_H,DIII W_H,DIII L_H,ConfW_H,ConfL_H,NPI_H,Rank_H,SOS_H,QWB_H,Pool A_H,Pool C_H,Playoff_H,Top 8%_H,Change_H,Bowl_H,R40W%_H,R32W%_H,R16W%_H,R8W%_H,R4W%_H,R2W%_H,Wk5_Lev_H,Wk6_Lev_H,Wk7_Lev_H,Wk8_Lev_H,Wk9_Lev_H,Wk10_Lev_H,Wk11_Lev_H,Conf_A,W_A,L_A,DIII W_A,DIII L_A,ConfW_A,ConfL_A,NPI_A,Rank_A,SOS_A,QWB_A,Pool A_A,Pool C_A,Playoff_A,Top 8%_A,Change_A,Bowl_A,R40W%_A,R32W%_A,R16W%_A,R8W%_A,R4W%_A,R2W%_A,Wk5_Lev_A,Wk6_Lev_A,Wk7_Lev_A,Wk8_Lev_A,Wk9_Lev_A,Wk10_Lev_A,Wk11_Lev_A
UW-Whitewater,25.0705240743423,0.6314613896621872,UW-La Crosse,19.761441845342308,0.36853861033781277,5.309082228999991,44.831965919684606,38.248222030922,WIAC,WIAC,WIAC,8.2029,1.7971,7.2029,1.7971,5.2029,1.7971,70.02651008,18.6979,62.35448103,1.351939342,0.2944,0.514,0.8084,0.3469,-0.0209,0.0894,0.8014,0.6633,0.4641,0.288,0.1534,0.0725,0.317578462,0.33559959,0.414637075,0.295003691,0.260358184,0.443725885,0.292328856,WIAC,6.6396,2.3604,5.6396,2.3604,4.6396,2.3604,66.98464774,28.2011,62.6199516,1.182221469,0.1518,0.4789,0.6307,0.218,-0.0232,0.1916,0.6214,0.4996,0.3207,0.1847,0.0919,0.0403,0.365602056,0.386733035,0.387459089,0.454425956,0.464312021,0.392899413,0.372904279
UW-Oshkosh,30.912354239874986,0.4096401117287391,UW-River Falls,34.5268284416551,0.5903598882712608,-3.614474201780112,65.43918268153008,36.08934122456783,WIAC,WIAC,WIAC,5.7907,4.2093,4.7907,4.2093,3.7907,3.2093,60.43040034,54.9581,63.81888445,0.736285647,0.0677,0.2183,0.286,0.0381,-0.0146,0.3269,0.2831,0.1946,0.117,0.0535,0.0255,0.0096,0.378958178,0.317212718,0.269198057,0.400889794,0.417809682,0.277995036,0.422754664,WIAC,7.8702,2.1298,7.8702,2.1298,4.8702,2.1298,68.97790731,20.8427,61.91006343,1.258270007,0.2437,0.5551,0.7988,0.2844,-0.0132,0.0573,0.7888,0.617,0.4085,0.2321,0.1153,0.0516,0.29440853,0.296672755,0.334159379,0.39240518,0.288187164,0.299792793,0.304872765
Bethel,30.17718630902572,0.40253300813237575,St. John's,33.94517489984445,0.5974669918676244,-3.7679885908187316,64.12236120887017,34.3394935811846,MIAC,MIAC,MIAC,9.2363,0.7637,9.2363,0.7637,8.2363,0.7637,69.67165986,16.2412,56.08389452,0.529691395,0.4047,0.4905,0.8952,0.3423,-1e-4,0,0.8914,0.5818,0.2792,0.1093,0.0399,0.014,0.161751349,0.796793587,0.663521818,0.645458183,0.576948642,0.638955647,0.490519663,MIAC,9.4707,0.5293,9.4707,0.5293,8.4707,0.5293,71.58882079,12.1877,56.35072612,0.722187629,0.5823,0.3623,0.9446,0.5193,0.0218,0,0.9431,0.7365,0.4389,0.2227,0.0985,0.0356,0.122050695,0.944788958,0.467223607,0.542645721,0.506165271,0.645245245,0.589493343
North Central Ill.,44.607859206469094,0.9310105430607946,Wheaton Ill.,21.2992037010737,0.0689894569392055,23.308655505395393,65.9070629075428,26.811444289849113,CCIW,CCIW,CCIW,9.9169,0.0831,9.9169,0.0831,8.9169,0.0831,75.94864813,5.0029,58.67849075,1.304414531,0.9248,0.0748,0.9996,0.9144,0.0017,3e-4,0.9996,0.9666,0.8918,0.7715,0.6043,0.4603,0.005174644,0.9996,-4.0004e-4,-4.0004e-4,-4.00882e-4,-4.0004e-4,0.121212121,CCIW,7.8063,2.1937,7.8063,2.1937,7.8063,1.1937,64.82007259,29.1689,57.21031902,0.323496647,0.0716,0.6831,0.7547,0.0325,0.0589,0.1863,0.7398,0.4521,0.2683,0.1259,0.0542,0.0224,0.246221681,0.768246044,0.756288205,0.865550653,0.755304243,0.755002001,0.725541534
John Carroll,31.086677540001638,0.736266339353373,Wabash,21.38645067889935,0.263733660646627,9.700226861102287,52.47312821890099,18.263800982241907,NCAC,NCAC,NCAC,7.8537,2.1463,7.8537,2.1463,6.8537,1.1463,64.21165021,34.4121,56.73423619,0.485657279,0.3688,0.2414,0.6102,0.0599,0.0519,0.2394,0.5635,0.2932,0.1344,0.0466,0.017,0.0057,0.556194108,0.488971254,0.47163827,0.486367281,0,0.487447156,0.457280343,NCAC,8.4001,1.5999,8.4001,1.5999,6.4001,1.5999,64.98449048,32.2205,54.81605245,0.384442387,0.187,0.2772,0.4642,0.0998,0.0882,0.301,0.4552,0.2309,0.0699,0.0198,0.0048,4e-4,0.588542472,0.420064106,0.384579068,0,0.46333792,0.4642,0.655473412
Rowan,26.667293929183153,0.31478068710180473,Christopher Newport,34.07845119212505,0.6852193128981952,-7.411157262941899,60.745745121308204,17.405697956244374,NJAC,NJAC,NJAC,7.0858,1.9142,7.0858,1.9142,5.0858,1.9142,60.52864688,52.5528,52.46277335,0.33234791,0.124,0.1514,0.2754,0.021,-0.076,0,0.2154,0.0586,0.0177,0.0025,4e-4,1e-4,0.517086576,0.257850708,0.256068899,0.557395908,0.293248139,0.275868977,0.26629551,NJAC,8.9202,1.0798,8.9202,1.0798,5.9202,1.0798,69.76256827,16.6847,58.04439529,0.885832612,0.3539,0.4923,0.8462,0.3036,0.2618,0,0.8117,0.4621,0.1822,0.0606,0.0171,0.0036,0.337660354,0.446423212,0.482234981,0.437171677,0.524530948,0.242148524,0.397211084
Cortland,36.033065327889915,0.7680478252717127,Utica,24.638032667911546,0.23195217472828727,11.39503265997837,60.67109799580146,13.68781449116329,E8,E8,E8,8.0538,1.9462,8.0538,1.9462,6.4662,0.5338,63.87639579,34.7497,54.44268659,0.455465683,0.6715,0.0236,0.6951,0.0014,0.002,0,0.5861,0.2782,0.0988,0.0357,0.0087,0.0025,0.608384179,0,0.238604343,0.316180935,0.288734632,0.706101656,0.147153853,E8,7.1832,2.8168,7.1832,2.8168,5.1832,1.8168,60.9150231,49.7028,53.34545011,0.355919736,0.1186,0.1533,0.2719,0.0031,0.0117,0,0.2116,0.051,0.0126,0.0019,6e-4,1e-4,0.591464215,0.257897668,0,0.294142759,0.26596549,0.243315508,0.486203317
Muhlenberg,31.698501064220665,0.6413171673395708,Ursinus,26.174358541032753,0.3586828326604292,5.524142523187912,57.87285960525342,12.709958150079416,CC,CC,CC,7.3283,2.6717,7.3283,2.6717,4.3283,2.6717,62.89458377,42.5735,58.08726683,0.654885439,0.0586,0.3828,0.4414,0.067,-0.0036,0.4203,0.4059,0.1428,0.0375,0.0076,0.0015,1e-4,0.448611712,0.46826874,0.379830288,0.513377856,0.443484848,0.383590967,0.413458245,CC,6.831,3.169,6.831,3.169,3.831,3.169,58.11391567,68.062,52.65721447,0.290528253,0.0185,0.102,0.1205,0.0081,-0.0704,0.7098,0.1027,0.0382,0.0075,0.0017,5e-4,1e-4,0.214140364,0.116429072,0.403645877,0.178115828,0.127203631,0.148841248,0.331331134
Hobart,19.747189815076702,0.6172010558925832,RPI,15.045639092016842,0.3827989441074167,4.70155072305986,34.79282890709354,12.602707523185533,LL,LL,LL,6.0871,3.9129,6.0871,3.9129,5.0871,1.9129,54.75250873,88.055,51.14652961,0.243765716,0.0531,0,0.0531,0,-0.1736,0,0.0215,0.0022,6e-4,1e-4,1e-4,1e-4,0.08237881,0.081645995,0,0.051355749,0.060852354,0.053222412,0.043428936,LL,7.109,2.891,7.109,2.891,5.109,1.891,58.50665304,64.522,51.45056579,0.25943767,0.1617,0.0065,0.1682,1e-4,0.0252,0,0.1145,0.0313,0.0057,0.0013,0,0,0.224938121,0.144711989,0,0.096907099,0.137110667,0.531303597,0.202278422
Ohio Northern,22.083217019095482,0.41671867151697317,Marietta,25.258107761799483,0.5832813284830269,-3.174890742704001,47.341324780894965,9.644054748989703,OAC,OAC,OAC,5.7165,4.2835,5.7165,4.2835,5.1519,2.8481,54.56359783,89.7436,52.97362746,0.182208031,0.007,0.0393,0.0463,2e-4,-0.0303,0.4309,0.0293,0.0042,9e-4,1e-4,0,0,0.100450432,0.071393493,0.051699971,0.483893832,0.075496313,0.147906344,0.048283641,OAC,7.2373,2.7627,7.2373,2.7627,5.2841,2.7159,61.28776068,49.154,55.00171855,0.342631753,0.0251,0.2965,0.3216,0.0172,-0.1261,0.159,0.2511,0.0712,0.0173,0.0028,6e-4,1e-4,0.3828198,0.357027121,0.338961817,0.487165262,0.308821843,0.508850353,0.310489902
East Texas Baptist,11.992423494363237,0.17666327823000294,Mary Hardin-Baylor,26.232159873588643,0.8233367217699971,-14.239736379225405,38.22458336795188,9.316360353331739,ASC,ASC,ASC,6.0391,3.9609,5.0391,3.9609,2.0391,3.9609,54.56508809,90.1445,53.23435668,0.207795749,0.0293,0.0055,0.0348,0.001,2e-4,0,0.0266,0.0075,0.0022,5e-4,0,0,0.139176969,0.037311257,0.130549325,0,0.165058379,0.036106522,0.156571317,ASC,6.4862,3.5138,4.6782,2.3218,4.6782,1.3218,61.59893793,47.8212,58.20437393,0.487464393,0.5254,0.0323,0.5577,0.0026,-0.0535,0,0.4844,0.2489,0.1119,0.0482,0.0194,0.0069,0.35123054,0.535997711,0.137804249,0.363769525,0.38956044,0.592093502,0.305962142
Cal Lutheran,21.814931374709026,0.5711204543216403,Claremont-Mudd-Scripps,18.853104831575635,0.4288795456783596,2.961826543133391,40.66803620628466,8.352135577475142,SCIAC,SCIAC,SCIAC,6.3992000000000004,2.6008,6.3992000000000004,2.6008,4.3992000000000004,2.6008,57.37977696,73.661,49.65444442,0.153058113,0.1459,0.0519,0.1978,0.0137,0.1033,0,0.1465,0.0307,0.004,1e-4,0,0,0.272828419,0.177391427,0.362578724,0.217876585,0.305511226,0.305484916,0,SCIAC,5.6121,3.3879,5.6121,3.3879,3.6121,3.3879,55.30385146,85.2701,50.54401237,0.14778991,0.0479,0.0253,0.0732,0,-0.184,0,0.058,0.0098,0.0022,4e-4,1e-4,0,0.140102344,0.092629234,0.074412931,0.241830198,0.118194497,0.114081954,0
UW-Eau Claire,25.77175896139813,0.23927230060990645,UW-Stout,36.723394720139396,0.7607276993900935,-10.951635758741265,62.49515368153753,8.222781795050192,WIAC,WIAC,WIAC,3.7315,6.2685,3.7315,6.2685,0.7315,6.2685,49.48329491,125.9287,57.22128507,0.132186314,0,5e-4,5e-4,0,-3e-4,0.0166,4e-4,1e-4,0,0,0,0,0.002516356,0.006003918,0.00794306,0.005899653,0.001395089,0.024288577,0.00427348,WIAC,4.6655,5.3345,4.6655,5.3345,2.6655,4.3345,55.46670491,83.5879,60.91320986,0.279759204,0.0111,0.0552,0.0663,0.0015,0.005,0.2431,0.0617,0.0315,0.0148,0.0069,0.0032,0.0012,0.074575657,0.132212094,0.241550646,0.072142598,0.233608309,0.244710436,0.180834862
Washington U.,36.23093345425151,0.8226667780533367,Illinois Wesleyan,21.8723271113476,0.17733322194666337,14.358606342903911,58.103260565599115,6.167588255776927,CCIW,CCIW,CCIW,7.8035,2.1965,7.8035,2.1965,6.8035,2.1965,62.053244,43.4059,52.71260305,0.139619573,0.0029,0.1685,0.1714,0,-0.0844,0.5979,0.162,0.0798,0.0255,0.0102,0.0035,6e-4,0.19945236,0.158373403,0.171777911,0.772196783,0.161884135,0.179457648,0.178741652,CCIW,5.4388,4.5612,5.4388,4.5612,5.4388,3.5612,54.30084632,90.4375,54.22543677,0.106905325,7e-4,0.007,0.0077,1e-4,-0.0015,0.1549,0.006,7e-4,1e-4,0,0,0,0.04321135,0.107920705,0.008153325,0.009003742,0.011495969,0.01057547,0.29630812
Gustavus Adolphus,23.69894900263318,0.43899588331310163,Carleton,26.0130368759671,0.5610041166868984,-2.314087873333918,49.71198587860028,5.6750607735141125,MIAC,MIAC,MIAC,4.4449,5.5551,4.4449,5.5551,4.4449,4.5551,49.70716511,122.746,52.73651138,0.072040241,0,0,0,0,-0.0017,0,0,0,0,0,0,0,0,0,0,0,0,0,0,MIAC,5.9599,4.0401,5.9599,4.0401,5.9599,3.0401,56.41022425,76.6278,54.03405788,0.116720359,0.0086,0.0277,0.0363,2e-4,9e-4,0,0.0278,0.0055,8e-4,3e-4,0,0,0.062421463,0.037407054,0.038094239,0.401752014,0.04011493,0.372920917,0.066810263
Hampden-Sydney,31.729467790942877,0.794731581683414,Washington and Lee,18.98500905471341,0.20526841831658602,12.744458736229468,50.714476845656286,4.890198229160738,ODAC,ODAC,ODAC,9.0012,0.9988,9.0012,0.9988,7.0012,0.9988,68.26476347,20.8117,55.26377526,0.541500401,0.3228,0.4467,0.7695,0.2399,0.0969,0.1882,0.7657,0.3115,0.0837,0.0197,0.0027,2e-4,0.664646193,0,0.69122807,0.571787149,0.638080909,0.63647622,0.322504343,ODAC,5.6355,4.3645,5.6355,4.3645,5.6355,2.3645,53.48095008,96.7673,52.03827085,0.179991027,0.0153,0,0.0153,0,-0.0779,0.7524,0.0055,5e-4,2e-4,0,0,0,0.065948276,0.015375339,0,0.019483,0.01550152,0.015580448,0.023390919
Centre,29.08607655054879,0.6629939290340581,Millsaps,22.67216435869109,0.337006070965942,6.413912191857698,51.75824090923988,2.6945517407519333,SAA,SAA,SAA,4.6207,5.3793,4.6207,5.3793,3.6207,3.3793,52.67439181,103.1502,56.57882706,0.269711019,0.0266,8e-4,0.0274,0,7e-4,0,0.0154,0.0029,8e-4,1e-4,0,0,0.029347816,0.076265189,0.029757808,0.166798884,0.127847307,0.029507986,0.028583672,SAA,4.4309,5.5691,4.4309,5.5691,2.4309,4.5691,49.78761881,122.5886,52.55176174,0.129267715,0.0025,0.0021,0.0046,0,-1e-4,0,0.003,3e-4,0,0,0,0,0.015460917,0.005932804,0.024545571,0.064033646,0.008230274,0.072796759,0.006754772
Pacific,18.366204769877044,0.3704349451917273,Whitworth,23.44072997372634,0.6295650548082726,-5.074525203849298,41.806934743603385,1.54807030169078,NWC,NWC,NWC,4.5739,5.4261,4.5739,5.4261,4.5739,3.4261,46.17618431,147.6178,45.7162676,0.074043972,0.0214,0,0.0214,0,4e-4,0,0.0059,8e-4,3e-4,0,0,0,0.046462462,0.332166608,0.038509656,0.021332367,0.024263892,0.028669659,0.050191376,NWC,5.5883,4.4117,5.5883,3.4117,4.5883,2.4117,52.835436,101.9607,47.36592148,0.111539289,0.0521,0,0.0521,0,-0.003,0,0.0245,0.0033,0.0012,2e-4,0,0,0.05218988,0.04085432,0.513084936,0.075091401,0.061324715,0.052010887,0.043915234
Trine,19.869086339146726,0.14421661750202314,Hope,36.35173095401806,0.8557833824979768,-16.482644614871333,56.220817293164785,1.2837230352149618,MIAA,MIAA,MIAA,5.8478,4.1522,5.8478,4.1522,3.8478,3.1522,55.40276718,83.7651,53.93820767,0.135689437,0.0304,0.0233,0.0537,1e-4,0.0223,0,0.0319,0.0045,0.001,5e-4,1e-4,0,0.234357105,0,0.057880266,0.086261442,0.290132587,0.121544114,0.060593952,MIAA,8.4207,1.5793,8.4207,1.5793,5.4207,1.5793,64.83252925,29.9525,53.80507384,0.279888334,0.0504,0.5727,0.6231,2e-4,-0.2007,0,0.6005,0.2655,0.0726,0.0203,0.0051,8e-4,0.589630318,0,0.589449479,0.641133493,0.582315597,0.623730477,0.558107656
Adrian,34.647602421709244,0.7202454616650452,Albion,25.188291647777103,0.27975453833495473,9.459310773932142,59.83589406948634,0.5301701582839957,MIAA,MIAA,MIAA,7.2258,2.7742,6.2258,2.7742,4.2258,2.7742,56.63053384,78.7226,50.30769071,0.244397921,0.0607,0.0929,0.1536,0.0176,0.0404,0,0.1511,0.0421,0.0095,0.0015,1e-4,0,0.192907146,0,0.203533051,0.413304294,0.168264484,0.206237904,0.418708626,MIAA,4.7035,5.2965,4.7035,5.2965,2.7035,4.2965,49.81020658,123.2276,51.60140405,0.127738214,0.0065,0,0.0065,0,-0.0169,0,0.0021,0,0,0,0,0,0.019645941,0,0.065195258,0.008601547,0.045784372,0.007559018,0.009687168
Shenandoah,24.672894150795024,0.5693890856928319,Bridgewater,22.08242766887936,0.43061091430716825,2.590466481915662,46.755321819674386,-0.06480516930744962,ODAC,ODAC,ODAC,6.7182,3.2818,6.7182,3.2818,4.7182,3.2818,55.29100257,84.2727,48.26070572,0.136955381,0.0044,0.0157,0.0201,0,-0.0019,0.3953,0.0188,0.0022,2e-4,0,0,0,0.036479129,0.021821735,0.022942586,0.02056266,0.257692308,0.0207516,0.05810928,ODAC,4.623,5.377,4.623,5.377,4.623,3.377,49.42763008,126.0345,51.74247538,0.143790699,0.0012,0,0.0012,0,-0.0017,0.339,1e-4,0,0,0,0,0,0.002672606,0.001281093,0.001228879,0.005589194,0,0.010743062,0.001284247
Belhaven,23.15904182047832,0.4884950502985202,Brevard,23.7066128277207,0.5115049497014797,-0.5475710072423823,46.86565464819902,-0.8422736706391323,USAC,USAC,USAC,5.0017,4.9983,5.0017,4.9983,4.0017,2.9983,51.42912287,111.5421,52.87000602,0.097828182,0.1087,0,0.1087,0,-0.006,0,0.0189,5e-4,1e-4,0,0,0,0.154670121,0.139240905,0.095925624,0.101815776,0.117005998,0.206107397,0.298155517,USAC,6.2753,3.7247,5.2753,2.7247,4.2753,2.7247,55.63682577,84.9946,48.48177259,0.11117235,0.1407,0.0316,0.1723,0.011,-0.0127,0,0.0891,0.0139,9e-4,0,0,0,0.237949434,0.160297207,0.276159251,0.158688913,0.384929241,0.159765211,0.20639976300000001
UW-Platteville,43.13652186394987,0.9741907650452852,UW-Stevens Point,12.521630898550109,0.025809234954714644,30.614890965399766,55.65815276249998,-0.9867679714155528,WIAC,WIAC,WIAC,8.019,1.981,8.019,1.981,5.019,1.981,69.91735436,17.5857,62.15846961,1.323578385,0.2312,0.635,0.8662,0.3307,-0.0043,0.0448,0.8538,0.6811,0.467,0.2688,0.1406,0.0663,0.413031614,0.190252651,0.231076731,0.18329268,0.294019507,0.368886181,0.370903503,WIAC,4.0806,5.9194,4.0806,5.9194,1.0806,5.9194,51.56949354,110.601,59.05743103,0.141273107,1e-4,0.003,0.0031,0,-0.0012,0.0303,0.0026,6e-4,0,0,0,0,0.054955459,0.034407272,0.033849409,0.012739884,0.004831671,0.023554752,0.027570288
North Park,24.561299584895927,0.4150561552008631,Augustana,27.770427377912355,0.5849438447991367,-3.209127793016428,52.33172696280828,-1.6369892504485242,CCIW,CCIW,CCIW,3.5747,6.4253,3.5747,6.4253,2.5747,6.4253,46.12990042,148.2856,51.99531143,0.069977165,0,0,0,0,0,0.0022,0,0,0,0,0,0,0,0,0,0,0,0,0,CCIW,5.0549,4.9451,5.0549,4.9451,4.0549,4.9451,51.70282048,109.4594,52.28229079,0.091585383,0,0.0026,0.0026,0,-2e-4,0.0437,0.001,0,0,0,0,0,0.004667864,0.002893712,0.005139356,-0.00260026,0.007874016,0.004043546,0.021630616
Chapman,29.813235511771193,0.8234799693281766,Redlands,15.468599065398248,0.1765200306718233,14.344636446372945,45.28183457716944,-2.452172915642155,SCIAC,SCIAC,SCIAC,6.1923,3.8077,6.1923,3.8077,6.1923,1.8077,55.10253099,86.8431,52.79814159,0.158186637,0.5692,0,0.5692,0,0.0537,0,0.2213,0.0355,0.0093,0.002,3e-4,0,0.316537053,0.444526037,0.438622229,0.327508182,0.485478476,0.348268055,0.553145516,SCIAC,4.676,4.538,4.676,4.538,2.676,4.538,50.53849629,117.7512,50.66288332,0.131559107,0.0226,7e-4,0.0233,0,-0.0984,0,0.0102,0.0013,1e-4,0,0,0,0.10585212,0.05284554,0.045283891,0.055827647,0.025048377,0.043483345,0.351926407
St. John Fisher,12.617192028070239,0.17206374107868092,Brockport,27.19911165077153,0.8279362589213192,-14.581919622701292,39.81630367884177,-3.220932477859794,E8,E8,E8,5.5553,4.4447,5.5553,4.4447,3.5553,3.4447,51.47360982,110.7907,48.78323645,0.077642927,0.006,0,0.006,0,0.0021,0,0.0016,0,0,0,0,0,0.035316668,0.006570302,0,0.114428181,0.028686559,0.008387065,0.007885562,E8,7.5526,2.4474,7.5526,2.4474,5.5526,1.4474,60.63715813,51.8371,51.48985851,0.24259449,0.2015,0.0094,0.2109,5e-4,-0.0102,0,0.1741,0.0615,0.0144,0.0035,4e-4,2e-4,0.138847138,0,0.167353179,0.149352267,0.123785932,0.719397532,0.255423316
Merchant Marine,26.78746833661469,0.6739343803411628,MIT,19.922762524267025,0.3260656196588372,6.864705812347665,46.710230860881715,-3.912997980114059,NEWMAC,NEWMAC,NEWMAC,6.6212,2.3788,6.6212,2.3788,4.6212,2.3788,59.82383823,58.1444,51.11922195,0.212986981,0.0652,0.1795,0.2447,0.0224,0.0994,0.2431,0.2344,0.0336,0.0034,5e-4,1e-4,0,0.32531078,0.291564224,0.384637693,0.49775324,0,0.254086868,0.336662786,NEWMAC,5.8003,3.1997,5.8003,3.1997,3.8003,3.1997,55.0361228,87.1876,49.94117124,0.181354114,0.0035,0.0697,0.0732,0,-0.0828,0.1891,0.0599,0.0056,2e-4,1e-4,0,0,0.215738285,0,0.152035857,0.12688507500000001,0.085269993,0.12137103,0.076705439
Trinity Conn.,26.302210370200427,0.7522650970906978,Tufts,15.615872047458858,0.24773490290930233,10.68633832274157,41.918082417659285,-5.493952696631209,NESCAC,NESCAC,NESCAC,6.3355,2.6645,6.3355,2.6645,6.3355,2.6645,58.4167573,65.2635,50.20809583,0.246911978,0,0,0,0,0,0,0,0,0,0,0,0,0,0,0,0,0,0,0,NESCAC,5.1371,3.8629,5.1371,3.8629,5.1371,3.8629,53.05868672,99.8724,49.88267242,0.179926319,0,0,0,0,0,0,0,0,0,0,0,0,0,0,0,0,0,0,0
SUNY-Maritime,37.915348995161835,0.39613969570807794,Coast Guard,42.13833739663198,0.6038603042919221,-4.222988401470147,80.05368639179382,-6.393445729680306,NEWMAC,NEWMAC,NEWMAC,4.5997,5.4003,4.5997,5.4003,2.5997,4.4003,49.69727465,123.905,51.50812383,0.091918139,0.003,2e-4,0.0032,0,-0.0133,0.057,5e-4,0,0,0,0,0,0.006924485,0.013357289,0.003552792,0.004743855,0,0.007147407,0.102564103,NEWMAC,4.8209,4.1791,4.8209,4.1791,3.8209,3.1791,53.98425683,94.4209,53.64078267,0.17220877,0.0209,0.0297,0.0506,4e-4,0.0226,0.2101,0.0237,0.0016,0,0,0,0,0.075159853,0,0.083323144,0.051234193,0.111027297,0.396524463,0.124185492
Muskingum,32.9875635208623,0.685905604471474,Franklin,25.556799638849846,0.31409439552852597,7.430763882012457,58.54436315971215,-6.39516065203776,OAC,HCAC,OAC,4.6109,5.3891,4.6109,5.3891,3.9063,4.0937,49.77356123,123.3251,52.22078812,0.143118044,0.0013,0.0051,0.0064,1e-4,0.0015,0.1401,0.0037,6e-4,1e-4,0,0,0,0.006680925,0.015530128,0.027923855,0.012730644,0.036582745,0.009736802,0.210351903,HCAC,4.7542,5.2458,4.7542,5.2458,3.4588,2.5412,48.55751771,131.8664,49.51364664,0.103273336,0.0412,0,0.0412,0,-7e-4,0.1233,0.0063,3e-4,0,0,0,0,0.021281564,0.060383986,0.041319827,0.181055552,0.03596861,0.050884538,0.265951401
Sewanee,14.452622321495454,0.11975909070867925,Maryville Tenn.,32.93625889939933,0.8802409092913206,-18.483636577903873,47.38888122089478,-6.409526287182182,SAA,SAA,SAA,3.6524,6.3476,3.6524,6.3476,1.6524,5.3476,46.39381487,146.7024,51.87714372,0.112537144,0.0012,1e-4,0.0013,0,0,0,2e-4,1e-4,0,0,0,0,0.008837612,0.003662359,0.024039639,0.002222982,0.017141888,0.003780091,0.00315459,SAA,7.8771,2.1229,6.8771,2.1229,4.8771,2.1229,62.75400532,43.3925,53.43749826,0.341880128,0.1445,0.2086,0.3531,0.0677,-0.0475,0,0.3369,0.1514,0.0446,0.0107,0.0022,7e-4,0.296418826,0.368981775,0.319022218,0.335486492,0.329656357,0.522627388,0.544576083
Bates,17.716119404478626,0.4663358441450499,Colby,18.875609625180132,0.5336641558549503,-1.1594902207015068,36.59172902965876,-7.162346741944056,NESCAC,NESCAC,NESCAC,3.1177,5.8823,3.1177,5.8823,3.1177,5.8823,43.96407869,162.2558,50.41916789,0.112369205,0,0,0,0,0,0,0,0,0,0,0,0,0,0,0,0,0,0,0,NESCAC,3.8987,5.1013,3.8987,5.1013,3.8987,5.1013,47.40763961,138.8719,50.31283468,0.185748341,0,0,0,0,0,0,0,0,0,0,0,0,0,0,0,0,0,0,0
Middlebury,27.133971697318884,0.7250719256498378,Amherst,17.98768788600797,0.27492807435016214,9.146283811310916,45.12165958332685,-7.239165616908465,NESCAC,NESCAC,NESCAC,5.6206,3.3794,5.6206,3.3794,5.6206,3.3794,55.19027929,85.6602,49.99040719,0.149301803,0,0,0,0,0,0,0,0,0,0,0,0,0,0,0,0,0,0,0,NESCAC,4.103,4.897,4.103,4.897,4.103,4.897,48.59739051,130.631,50.31418274,0.152926268,0,0,0,0,0,0,0,0,0,0,0,0,0,0,0,0,0,0,0
Endicott,35.289376119877154,0.8833908145671008,University of New England,16.836649106453727,0.11660918543289915,18.452727013423427,52.12602522633088,-7.364999693477618,CNE,CNE,CNE,8.7526,1.2474,8.7526,1.2474,6.7526,0.2474,65.53257277,26.4428,54.7301367,0.429787845,0.8433,7e-4,0.844,8e-4,0.0622,0.1318,0.7818,0.1938,0.0306,0.0033,3e-4,1e-4,0.875453077,0,0.521727611,0.269130555,0.844,-0.156093656,0.436160519,CNE,8.5463,1.4537,8.5463,1.4537,5.5463,1.4537,63.26843805,38.3575,50.99628827,0.231153704,0.105,0.4342,0.5392,0.0328,0.2191,0.1733,0.4009,0.0312,0.0022,1e-4,0,0,0.456369274,0,0.539469735,0.612600601,0.529977304,0.7000411,0.502043775
Denison,33.98075771182712,0.753065207087584,Ohio Wesleyan,23.438416087781096,0.24693479291241602,10.54234162404602,57.41917379960822,-7.390186284431585,NCAC,NCAC,NCAC,4.8906,5.1094,4.8906,5.1094,3.8906,4.1094,49.87374289,123.1432,50.30475997,0.16449255,0.002,1e-4,0.0021,0,-0.0165,0.0562,9e-4,0,0,0,0,0,0.002900152,0.002393162,0.007874016,0.024822695,0.00210042,0.002517684,0.020231214,NCAC,4.0302,5.9698,4.0302,5.9698,3.0302,4.9698,45.82099173,151.479,48.92856119,0.168532696,5e-4,0,5e-4,0,2e-4,0.0086,2e-4,0,0,0,0,0,0.001812251,0.012254902,5.61356e-4,6.68807e-4,0.008423864,0.017123288,5.0045e-4
Rose-Hulman,7.940332420483555,0.14244533678149293,Hanover,24.245331965414437,0.857554663218507,-16.30499954493088,32.185664385897994,-8.658033927846308,HCAC,HCAC,HCAC,3.7086,6.2914,3.7086,6.2914,3.6711,2.3289,45.21814957,155.5368,50.1553617,0.087385554,0.0738,0,0.0738,0,-0.0016,0.1654,0.0088,6e-4,1e-4,0,0,0,0.322602925,0.10203551,0.045229437,0.075020937,0.054948494,0.069209622,0.212574933,HCAC,7.1618,2.8382,7.1618,1.8382,5.1918,0.8082,61.00271577,49.879,49.79247984,0.413596169,0.5064,0,0.5064,0,-0.007,0.3222,0.3488,0.0593,0.0107,0.0014,3e-4,0,0.395359319,0.793263382,0.188282828,0.306706707,0.253103685,0.12,0.395760912
Alma,47.92629003002073,0.9436727349427281,Calvin,22.820585390891956,0.056327265057272063,25.105704639128774,70.74687542091269,-8.789853062308236,MIAA,MIAA,MIAA,7.5432,2.4568,7.5432,2.4568,6.5432,0.4568,63.50879844,35.1967,56.43768123,0.518889517,0.8453,3e-4,0.8456,0,0.481,0,0.6915,0.2334,0.093,0.0292,0.0079,0.0021,0.359393668,0,0.26323363,0.317391755,0.450756796,0.330558376,0.56110821,MIAA,6.2275,3.7725,6.2275,3.7725,3.2275,3.7725,55.00397732,87.4095,51.82860069,0.143277162,0.0066,0.0343,0.0409,6e-4,-0.0186,0,0.0251,0.0062,5e-4,0,0,0,0.224255322,0,0.097307012,0.080362044999999993,0.044303137,0.257081942,0.079315799
Kean,18.158951743166515,0.40767701032374803,Montclair State,21.774087763032572,0.5923229896762517,-3.615136019866057,39.93303950619909,-9.023765414719879,NJAC,NJAC,NJAC,3.114,6.886,3.114,6.886,2.114,4.886,44.4761526,159.0962,52.99252876,0.073892306,0,0,0,0,-5e-4,0,0,0,0,0,0,0,0,0,0,0,0,0,0,NJAC,3.5963,6.4037,3.5963,6.4037,2.5963,4.4037,46.7494554,143.6383,52.91827396,0.083539904,6e-4,0,6e-4,0,-0.001,0,1e-4,0,0,0,0,0,0.001016949,0.003346203,0.025939709,6.40615e-4,0.020058747,0.001023404,8.11109e-4
Springfield,34.265793425186246,0.9268689136066228,Salve Regina,11.240506133340208,0.07313108639337706,23.025287291846038,45.50629955852645,-9.040679611997538,NEWMAC,NEWMAC,NEWMAC,7.7471,2.2529,7.7471,2.2529,6.7471,0.2529,63.81214465,33.2836,55.31636977,0.455319076,0.8777,0,0.8777,0,0.0365,0.1086,0.6678,0.1498,0.0442,0.0088,0.0015,3e-4,0.567318773,0,0.213466855,0.685164766,0.163988245,0.474202512,0.250913104,NEWMAC,7.233,2.767,7.233,2.767,4.233,2.767,60.19890882,55.21,52.69099946,0.202885744,0.0293,0.1694,0.1987,0.0087,-0.0178,0.1833,0.1584,0.0175,8e-4,0,0,0,0.46434944,0,0.36070282,0.296739322,0.282229669,0.195957822,0.2153247
Trinity Texas,41.42556126160659,0.9635552250367053,Southwestern,13.280735074415595,0.03644477496329464,28.144826187190993,54.706296336022184,-9.325829785486352,SAA,SAA,SAA,8.8525,1.1475,8.8525,1.1475,5.8525,1.1475,68.36555226,20.6376,55.08133169,0.536606987,0.3811,0.3948,0.7759,0.2573,-0.0294,0,0.7524,0.4587,0.1927,0.0717,0.0215,0.0057,0.467611956,0.3345474,0.49563869,0.491140856,0.424609302,0.489832372,0.402135119,SAA,4.5142,5.4858,4.5142,5.4858,2.5142,4.4858,49.45987341,125.4942,52.11769313,0.132211885,0.004,9e-4,0.0049,0,-0.0011,0,0.0023,1e-4,1e-4,0,0,0,0.064444955,0.006301101,0.016269994,0.021147454,0.009285041,0.006759553,0.040736956
Rochester,10.233105981305544,0.07096338184318839,Ithaca,32.909133792518325,0.9290366181568116,-22.676027811212784,43.14223977382387,-9.951289402040768,LL,LL,LL,5.9893,4.0107,5.9893,4.0107,2.9893,4.0107,50.55070833,118.1905,45.68482138,0.084853551,0.0032,0.0012,0.0044,0,-0.0252,0,0.0024,1e-4,0,0,0,0,0.064651924,0.004425224,0,0.005188679,0.025511002,0.014379085,0.006296106,LL,7.8536,2.1464,7.8536,2.1464,6.4412,0.5588,63.19844658,38.7894,56.70859217,0.281187846,0.7088,0.033,0.7418,0.0073,0.0853,0,0.5358,0.1952,0.0605,0.016,0.0039,2e-4,0.304165247,0.323742738,0,0.532067446,0.420522976,0.592350914,0.170768465
St. Norbert,28.801356104806345,0.713414263322124,Concordia Wis.,20.081276732783216,0.2865857366778762,8.720079372023129,48.88263283758956,-10.121787298534143,NACC,NACC,NACC,6.0281,3.9719,6.0281,3.9719,6.0281,1.9719,53.8879066,94.1157,49.60693094,0.117943493,0.1173,0,0.1173,0,-0.048,0.3633,0.021,9e-4,0,0,0,0,0.138175976,0.085466572,0.071948944,0.093191867,0.149776723,0.638983815,0.094185789,NACC,6.8138,3.1862,6.8138,3.1862,5.8138,2.1862,55.3584008,83.5414,46.5598519,0.150970212,0.0677,0,0.0677,0,0.0316,0.2229,0.0154,9e-4,1e-4,0,0,0,0.185199182,0.080590565,0.492873811,0.058312028,0.061552227,0,0.057735139
Hardin-Simmons,35.819632835180236,0.9629188374204144,Howard Payne,7.712615836390356,0.03708116257958568,28.10701699878988,43.53224867157059,-10.43425771249845,ASC,ASC,ASC,8.4941,1.5059,6.5012,1.4988,4.5012,1.4988,65.90246759,29.4969,55.37740667,0.434149833,0.4432,0.1775,0.6207,0.1387,0.0427,0,0.598,0.3759,0.1727,0.068,0.0243,0.0067,0.465697872,0.529480178,0.382976965,0.327248819,0.401669099,0.477847801,0.461350769,ASC,2.7815,7.2185,2.7815,6.2185,0.7815,5.2185,46.75464042,144.6906,56.65100243,0.115864609,0.0021,0,0.0021,0,-6e-4,0,0.0013,4e-4,2e-4,1e-4,0,0,0.020566596,0.006118778,0,0.026797586,0.019996912,0.007389089,0.024572885
Heidelberg,40.04764470569883,0.7820772241360566,Capital,27.96403070027893,0.2179227758639435,12.0836140054199,68.01167540597775,-11.50585440409806,OAC,OAC,OAC,4.4996,5.5004,4.4996,5.5004,3.4996,4.5004,49.12456748,127.8839,51.75909098,0.162517299,0.0016,0,0.0016,0,0.0011,0.0536,9e-4,1e-4,0,0,0,0,0.001949318,0.006065201,0.093023256,0.003121342,0.001726929,0.001907032,0.01336675,OAC,3.8729,6.1271,3.8729,6.1271,1.8842,6.1158,44.89087934,156.8886,47.2657304,0.059468733,0,0,0,0,-1e-4,0.0064,0,0,0,0,0,0,0,0,0,0,0,0,0
Johns Hopkins,46.89956697909587,0.9894996051717185,Dickinson,10.010790175556231,0.010500394828281447,36.88877680353964,56.910357154652104,-11.532516545202988,CC,CC,CC,9.5558,0.4442,9.5558,0.4442,6.5558,0.4442,77.71386724,4.5901,63.44853587,2.166308007,0.7636,0.2277,0.9913,0.8321,-7e-4,0.0079,0.9905,0.7763,0.5258,0.2842,0.1309,0.0492,0.110608226,0.040381038,0.110412684,0.324925767,0.052613636,0.068400919,0.068694666,CC,4.925,5.075,4.925,5.075,2.925,4.075,52.13236574,105.98,53.86690931,0.161018519,0.002,0.0111,0.0131,3e-4,-1e-4,0.6011,0.0117,0.002,1e-4,0,0,0,0.14958143,0.013322775,0.029125954,0.01506325,0.081654973,0.032638464,0.06547867
Augsburg,20.3849915047764,0.26824636416658637,St. Olaf,29.906119954074192,0.7317536358334137,-9.521128449297791,50.291111458850594,-12.201841386560469,MIAC,MIAC,MIAC,3.0647,6.9353,3.0647,5.9353,3.0647,5.9353,45.34247783,153.1602,51.87947182,0.046584064,0,0,0,0,-3e-4,0,0,0,0,0,0,0,0,0,0,0,0,0,0,MIAC,5.933,4.067,5.933,4.067,4.933,4.067,54.97275432,86.7437,51.58878981,0.097085028,0,0.0037,0.0037,0,-0.0346,0,0.0016,0,0,0,0,0,0.004978471,0.006939235,0.182092552,0.004251408,0.00429085,0.004115684,0.089956079
Salisbury,47.27195096759492,0.9790275535364379,TCNJ,14.699685079566386,0.020972446463562146,32.57226588802853,61.971636047161304,-12.396173296145953,NJAC,NJAC,NJAC,9.2993,0.7007,9.2993,0.7007,6.2993,0.7007,70.83197864,14.0523,56.24148693,0.773393799,0.5167,0.3643,0.881,0.4347,0.0238,0,0.8766,0.5972,0.2987,0.1255,0.0418,0.013,0.58124104,0.688701726,0.510595092,0.448366242,0.551638464,0.249912818,0.547831016,NJAC,6.3608,3.6392,6.3608,3.6392,3.3608,3.6392,56.07509406,79.9621,51.21805159,0.142114755,0.0045,0.0225,0.027,5e-4,0.0049,0,0.0245,0.0054,6e-4,1e-4,0,0,0.244972684,0.034584877,0.027789214,0.037579241,0.111498708,0.043538869,0.199392143
Lycoming,29.688607699228005,0.6486953153881915,Moravian,23.508514064788134,0.3513046846118085,6.180093634439871,53.19712176401614,-12.491537841879033,LAND,LAND,LAND,2.6419,7.3581,2.6419,7.3581,2.6419,3.3581,40.78098792,182.1427,49.48825146,0.086073037,0.0071,0,0.0071,0,0.0031,0.2845,0.001,0,0,0,0,0,0.009707174,0.276651242,0.029771318,0.014858535,0.010485701,0,0.008515231,LAND,2.3354,7.6646,2.3354,7.6646,2.3354,3.6646,40.06075764,184.5234,49.71460825,0.083796753,0.0086,0,0.0086,0,-0.0109,0.2121,0.0016,2e-4,0,0,0,0,0.014512763,0.017587306,0.010349117,0.033785879,0,0.010267422,0.229268904
Alfred State,24.268321655856706,0.6155968882384742,Morrisville State,19.473613036403474,0.38440311176152564,4.794708619453232,43.74193469226018,-12.796268576202039,E8,E8,E8,4.1908,5.8092,4.1908,5.8092,2.1908,4.8092,43.95396778,163.8488,45.09719649,0.092571776,2e-4,0,2e-4,0,-5e-4,0,0,0,0,0,0,0,3.19438e-4,0,0.006493506,2.21976e-4,0.010695187,6.05327e-4,7.04722e-4,E8,1.8073,8.1927,1.8073,8.1927,1.8073,5.1927,37.80055208,196.4345,49.11841589,0.074998388,0,0,0,0,-4e-4,0,0,0,0,0,0,0,0,0,0,0,0,0,0
Bowdoin,17.200172374302312,0.21150092491462477,Williams,29.545677373651756,0.7884990750853753,-12.345504999349444,46.74584974795407,-12.860576701601087,NESCAC,NESCAC,NESCAC,2.2225,6.7775,2.2225,6.7775,2.2225,6.7775,39.67944592,183.7052,49.51972432,0.117817115,0,0,0,0,0,0,0,0,0,0,0,0,0,0,0,0,0,0,0,NESCAC,5.9816,3.0184,5.9816,3.0184,5.9816,3.0184,56.38034085,77.7832,49.91396723,0.136097525,0,0,0,0,0,0,0,0,0,0,0,0,0,0,0,0,0,0,0
LaGrange,28.34685438152035,0.7964546192554666,N.C. Wesleyan,15.604981641341013,0.20354538074453332,12.741872740179339,43.951836022861364,-14.504797743697907,USAC,USAC,USAC,6.6608,3.3392,5.6608,3.3392,4.6608,2.3392,55.05900308,87.1278,51.36438692,0.132690655,0.2171,0,0.2171,0,0.0032,0,0.0896,0.006,2e-4,0,0,0,0.199716305,0.170488802,0.27232525,0.47318849,0.169623192,0.255556542,0.19639224,USAC,5.6025,4.3975,4.6025,4.3975,3.6025,3.3975,48.16356207,133.9533,46.7088942,0.101011229,0.0554,0,0.0554,0,0.0032,0,0.0076,0,0,0,0,0,0.125670231,0.088472574,0.237581934,0.063554557,0.062433546,0.054480514,0.111704961
George Fox,6.431744936720978,0.029209187216915317,Linfield,35.84907230813208,0.9707908127830848,-29.4173273714111,42.280817244853054,-14.787172263893165,NWC,NWC,NWC,2.816,7.184,2.816,7.184,2.816,5.184,40.79003346,181.5346,48.28756805,0.078337761,6e-4,0,6e-4,0,-3e-4,0,3e-4,0,0,0,0,0,0.020618557,0.003523194,0.002289203,7.48877e-4,7.15222e-4,0.001057888,0.001485468,NWC,7.6606,1.3394,7.6606,1.3394,6.6606,0.3394,63.08923731,37.4422,51.62776633,0.278839431,0.8039,0,0.8039,0,0.0052,0,0.6773,0.2305,0.1026,0.0367,0.0107,0.0024,0.328935954,0.549335165,0.720055255,0.527459459,0.665345755,0.38785118,0.392803059
Geneva,14.483093781027678,0.06363666726731006,Grove City,38.30741007825722,0.93636333273269,-23.824316297229544,52.7905038592849,-14.799018725391665,PAC,PAC,PAC,4.7566,5.2434,4.7566,5.2434,4.7566,3.2434,45.9000151,151.2363,44.81047286,0.056460946,0.0048,0,0.0048,0,0.0013,0.013,8e-4,0,0,0,0,0,0.050418024,0.004975124,0.007056185,0.00512492,0,0.060913706,0.036212371,PAC,6.9773,3.0227,6.9773,3.0227,5.9773,2.0227,59.27803069,58.4451,53.52757899,0.343188133,0.095,0.0465,0.1415,0,-0.444,0.1921,0.096,0.0156,0.006,0.0014,3e-4,1e-4,0.147096745,0.142828303,0.143480024,0.270399388,0.1418262,0.263738327,0.142211055
Austin,27.521636599906373,0.3869377184998755,Centenary La.,31.89042430414372,0.6130622815001245,-4.368787704237349,59.412060904050094,-15.823990664532158,SCAC,SCAC,SCAC,2.2746,6.7254,2.2746,6.7254,2.2746,4.7254,36.40025574,203.2203,43.77020756,0.033520353,0,0,0,0,0,0,0,0,0,0,0,0,0,0,0,0,0,0,0,SCAC,3.3286,5.6714,3.3286,5.6714,3.3286,3.6714,42.25619045,172.5314,45.56536747,0.034275109,0,0,0,0,0,0,0,0,0,0,0,0,0,0,0,0,0,0,0
Wesleyan,27.649004437841292,0.8514625603318956,Hamilton,11.454059514495242,0.14853743966810443,16.19494492334605,39.103063952336534,-16.776520520364667,NESCAC,NESCAC,NESCAC,5.8276,3.1724,5.8276,3.1724,5.8276,3.1724,55.79071889,81.9784,49.99502936,0.187164256,0,0,0,0,0,0,0,0,0,0,0,0,0,0,0,0,0,0,0,NESCAC,2.7557,6.2443,2.7557,6.2443,2.7557,6.2443,42.59315188,170.3589,50.53234683,0.113976758,0,0,0,0,0,0,0,0,0,0,0,0,0,0,0,0,0,0,0
Western New England,35.27378947014029,0.8298434234146157,Husson,20.478867982146514,0.17015657658538427,14.794921487993772,55.7526574522868,-18.75720014985777,CNE,CNE,CNE,6.5447,3.4553,6.5447,3.4553,4.5447,2.4553,55.90597653,80.1077,50.76871369,0.293606573,0.0339,0.0059,0.0398,0,-0.0891,0.3509,0.0114,3e-4,0,0,0,0,0.049410304,0,0.392892399,0.057544712,0.039907751,0.03981991,0.041675393,CNE,4.7304,5.2696,4.7304,5.2696,3.7304,3.2696,48.51888737,132.2672,49.69277761,0.136759982,0.0012,0,0.0012,0,-0.0166,0.1405,1e-4,0,0,0,0,0,0.00425481,0,0.00121347,0.006057547,0.002129547,9.27433e-4,0.001202164
Ripon,14.865753596577967,0.18425693478358024,Lake Forest,28.660256969421525,0.8157430652164198,-13.794503372843558,43.52601056599949,-19.151990264082997,MWC,MWC,MWC,5.047,4.953,5.047,4.953,5.047,3.953,47.29740687,141.316,45.55286356,0.07213756,0.0031,0,0.0031,0,0.001,0.0265,3e-4,1e-4,0,0,0,0,0.013618503,0.004173823,0.011238203,0.013175023,0.003188316,0.16224385,0.003245394,MWC,6.3456,3.6544,6.3456,3.6544,6.3456,2.6544,53.03642424,99.4535,47.67066509,0.060565112,1e-4,0,1e-4,0,0,0.1664,0,0,0,0,0,0,1.19904e-4,1.00371e-4,1.02407e-4,1.12007e-4,1.0008e-4,1.01543e-4,1.51057e-4
Macalester,29.06269324162421,0.4814801273806708,Hamline,29.660113963156718,0.5185198726193292,-0.597420721532508,58.72280720478093,-19.589334623514038,MIAC,MIAC,MIAC,2.0803,7.9197,2.0803,7.9197,1.0803,7.9197,39.10088448,193.3308,48.37866178,0.036786187,0,0,0,0,0,0,0,0,0,0,0,0,0,0,0,0,0,0,0,MIAC,2.5245,7.4755,2.5245,7.4755,1.5245,7.4755,40.98884555,181.203,49.06072726,0.038973695,0,0,0,0,0,0,0,0,0,0,0,0,0,0,0,0,0,0,0
Millikin,13.637351868880232,0.14319152741936653,Carroll,30.062250354630457,0.8568084725806336,-16.424898485750226,43.69960222351069,-20.170203242254086,CCIW,CCIW,CCIW,3.0149,6.9851,3.0149,6.9851,2.0149,6.9851,41.92384531,177.6065,47.78475771,0.05946108,0,0,0,0,0,5e-4,0,0,0,0,0,0,0,0,0,0,0,0,0,CCIW,4.0091,5.9909,4.0091,5.9909,4.0091,4.9909,48.13554316,133.37,52.19819466,0.055086166,0,0,0,0,-2e-4,0.0121,0,0,0,0,0,0,0,0,0,0,0,0,0
Waynesburg,32.795626428824875,0.6871393960352388,Allegheny,25.310428347297048,0.31286060396476123,7.485198081527827,58.10605477612192,-20.470237843534946,PAC,PAC,PAC,4.6676,5.3324,4.6676,5.3324,4.6676,3.3324,45.62418497,152.8602,44.80872033,0.071280802,0.0014,0,0.0014,0,7e-4,0.0081,0,0,0,0,0,0,0.002088617,0.031147738,0.00389755,0.094594595,0.001781397,0.001690617,0,PAC,2.8581,7.1419,2.8581,7.1419,2.8581,5.1419,38.36166444,197.0577,44.18556542,0.081224297,0,0,0,0,-1e-4,1e-4,0,0,0,0,0,0,0,0,0,0,0,0,0
Loras,10.05181335337739,0.02285726472089176,Central,41.58365340466673,0.9771427352791082,-31.531840051289336,51.63546675804412,-20.837977104754266,ARC,ARC,ARC,2.5735,7.4265,2.5735,7.4265,2.5735,5.4265,41.57760158,176.6277,49.35884358,0.189429095,0,0,0,0,-1e-4,0,0,0,0,0,0,0,0,0,0,0,0,0,0,ARC,8.6582,1.3418,8.6582,1.3418,6.6582,1.3418,68.04568995,21.2247,57.33244364,0.80730235400000006,0.2322,0.4973,0.7295,0.1916,0.0766,0,0.6808,0.3587,0.118,0.0342,0.0086,0.0016,0.368059882,0,0.502651451,0.351971541,0.543739968,0.370940125,0.49522185
Fitchburg State,24.58017972331931,0.46312532131668843,Framingham State,26.07056100734048,0.5368746786833114,-1.4903812840211685,50.65074073065979,-22.08728307155947,MASCAC,MASCAC,MASCAC,5.2101,4.7899,5.2101,4.7899,4.2101,4.7899,47.44940694,139.6798,44.61382509,0.094531746,0.0291,0,0.0291,0,0.0067,0,0.0019,0,0,0,0,0,0.057552165,0.037569041,0.062699442,0.091184947,0.04779677,0.103497309,0.037265453,MASCAC,6.7492,3.2508,6.7492,3.2508,6.7492,2.2508,54.57458628,89.8791,46.9956966,0.124242938,0.3368,0,0.3368,0,0.1354,0,0.0085,0,0,0,0,0,0.276892626,0,0.247951172,0.271949615,0.6450247,0.271601671,0.260303854
Gettysburg,16.889101652202154,0.07294973607253913,Franklin and Marshall,39.785876508561174,0.9270502639274609,-22.89677485635902,56.67497816076333,-22.303922935406636,CC,CC,CC,0.7585,9.2415,0.7585,9.2415,0.7585,6.2415,31.3408409,214.2387,44.2421915,0.137467553,0,0,0,0,0,0.0541,0,0,0,0,0,0,0,0,0,0,0,0,0,CC,5.5806,4.4194,5.5806,4.4194,3.5806,3.4194,55.51820695,83.5625,55.75520969,0.332155438,0.021,0.0343,0.0553,0.0022,9e-4,0.7229,0.0502,0.0164,0.0036,7e-4,0,0,0.060043431,0.100100077,0.093311602,0.122183007,0.055132871,0.223890891,0.278707811
Wilkes,29.407278155652577,0.8926899483704457,Catholic,10.35027921154388,0.10731005162955436,19.0569989441087,39.757557367196455,-23.50917033631504,LAND,LAND,LAND,5.5353,4.4647,5.5353,4.4647,3.5353,2.4647,51.93716263,107.8111,49.61083071,0.095539902,0.033,0,0.033,0,0.0065,0.546,0.0073,3e-4,0,0,0,0,0.026700851,0.038826124,0,0.037436274,0.034207526,0.51268036,0.065742377,LAND,2.7975,7.2025,2.7975,7.2025,1.7975,4.2025,40.53965753,184.2664,47.59583204,0.098982921,5e-4,0,5e-4,0,-5e-4,0.0812,0,0,0,0,0,0,0.001372655,6.18123e-4,0.001186803,0.075371165,0.001337256,0.005502421,0
Elmhurst,18.14485048629509,0.19885940144592926,Carthage,31.31287970251764,0.8011405985540708,-13.16802921622255,49.45773018881273,-24.290440458457184,CCIW,CCIW,CCIW,1.7532,8.2468,1.7532,8.2468,0.7532,8.2468,37.0395696,203.6073,46.97400997,0.064415035,0,0,0,0,0,0,0,0,0,0,0,0,0,0,0,0,0,0,0,CCIW,3.6277,6.3723,3.6277,6.3723,2.6277,6.3723,45.94301373,149.8348,51.28570424,0.06601093,0,0,0,0,-9e-4,0.0021,0,0,0,0,0,0,0,0,0,0,0,0,0
Lakeland,24.63010768723158,0.04126396962519533,Aurora,52.39802034176642,0.9587360303748047,-27.76791265453484,77.028128028998,-24.352052264664067,NACC,NACC,NACC,4.3938,5.6062,4.3938,5.6062,4.3938,3.6062,46.37559428,146.2787,48.44174798,0.070670928,0.0157,0,0.0157,0,1e-4,0.0663,0.0012,1e-4,1e-4,0,0,0,0.229896676,0.036916374,0.018541809,0.040415483,0.013907788,0.016443438,0.042743824,NACC,7.7375,2.2625,7.7375,2.2625,6.7375,1.2625,60.54445504,50.1761,51.25454476,0.158515092,0.5992,0.0015,0.6007,0,0.2506,0.2495,0.2451,0.0366,0.0109,0.0019,4e-4,0,0.573113208,0.350840336,0.627458558,0,0.546641739,0.686079827,0.558506304
Kalamazoo,32.56774546478952,0.8166104316908557,Olivet,18.329924651265145,0.1833895683091443,14.237820813524372,50.89767011605466,-24.39125308913785,MIAA,MIAA,MIAA,4.4595,5.5405,4.4595,5.5405,1.4595,5.5405,46.6216345,144.9921,48.06448514,0.086662541,1e-4,0,1e-4,0,-5e-4,0,1e-4,0,0,0,0,0,1.27828e-4,0,0.00990099,3.50754e-4,5.49753e-4,0.006666667,5.40249e-4,MIAA,0.572,9.428,0.572,8.428,0.572,6.428,31.13973847,218.3849,46.87840557,0.094327489,0,0,0,0,0,0,0,0,0,0,0,0,0,0,0,0,0,0,0
Dubuque,40.277186657751365,0.9442957508839449,Nebraska Wesleyan,15.433524779794872,0.05570424911605508,24.843661877956492,55.71071143754624,-24.526875079396028,ARC,ARC,ARC,4.8667,5.1333,4.8667,5.1333,4.8667,3.1333,50.84239145,115.5262,52.44570492,0.170675242,0.0067,0,0.0067,0,-0.0166,0,0.0028,4e-4,0,0,0,0,0.007036337,0.07727797,0.006829766,0.01025122,0.028805127,0.006758802,0,ARC,2.3781,7.6219,2.3781,5.6219,2.3781,5.6219,41.46667968,176.6358,46.20939531,0.325663593,0,0,0,0,-1e-4,0,0,0,0,0,0,0,0,0,0,0,0,0,0
Concordia-Moorhead,37.66184725509099,0.9430581089351632,St. Scholastica,13.007171268365145,0.05694189106483679,24.654675986725845,50.66901852345613,-26.226058179290156,MIAC,MIAC,MIAC,6.299,3.701,5.299,3.701,5.299,3.701,55.22005702,85.1983,52.53043634,0.140241042,0.0044,8e-4,0.0052,0,-0.0055,0,0.0042,0.002,4e-4,1e-4,0,0,0.005466204,0.003359259,0.101428114,0.003497095,0.056405771,0.00556626,0.010749794,MIAC,2.9867,7.0133,2.9867,7.0133,1.9867,7.0133,43.08042212,170.306,50.15512437,0.063251242,0,0,0,0,0,0,0,0,0,0,0,0,0,0,0,0,0,0,0
Carnegie Mellon,35.01221006163922,0.9883679292685769,McDaniel,0,0.011632070731423243,35.01221006163922,35.01221006163922,-26.858070309548424,CC,CC,CC,7.1964,2.8036,7.1964,2.8036,5.1964,1.8036,64.41348445,34.0234,60.57831242,0.812472897,0.1363,0.3986,0.5349,0.0547,-0.036,0.4313,0.5045,0.2544,0.0804,0.0241,0.0075,0.0015,0.42802635,0.395367779,0.469836657,0.513766114,0.432797224,0.496556954,0.466266227,CC,1.8244,8.1756,1.8244,8.1756,0.8244,6.1756,38.28240829,197.0957,47.32811787,0.145482719,0,0,0,0,0,0.0526,0,0,0,0,0,0,0,0,0,0,0,0,0
Wooster,12.969105075603316,0.04197585124328286,Wittenberg,39.952220788151905,0.9580241487567172,-26.98311571254859,52.92132586375522,-27.485330629770296,NCAC,NCAC,NCAC,2.8065,7.1935,2.8065,7.1935,1.8065,6.1935,39.44918252,190.7908,44.04897769,0.060915504,0,0,0,0,0,7e-4,0,0,0,0,0,0,0,0,0,0,0,0,0,NCAC,6.0037,3.9963,6.0037,3.9963,5.0037,2.9963,54.40649347,90.6217,53.41673853,0.125379169,0.0081,0.006,0.0141,0,-0.0914,0.2392,0.0093,9e-4,2e-4,1e-4,0,0,0.014881266,0.076464064,0.018716824,0.014104231,0.075593919,0,0.014756672
Southern Virginia,27.511053112796585,0.8040962374833549,Greensboro,14.393728027060742,0.1959037625166451,13.117325085735843,41.90478113985733,-27.624039915878313,USAC,USAC,USAC,5.3549,4.6451,4.3549,4.6451,2.3549,4.6451,47.08749224,141.7555,45.87453862,0.088742467,0.0109,0.0036,0.0145,2e-4,0.0011,0,0.0041,2e-4,0,0,0,0,0.018526696,0.061169133,0.020975976,0.04717371,0.037702091,0.117361931,0.043715477,USAC,2.5996,7.4004,2.5996,6.4004,1.5996,5.4004,40.48598805,184.3997,47.48373202,0.077457301,0.0025,0,0.0025,0,-0.0014,0,2e-4,0,0,0,0,0,0.003695855,0.020140329,0.012908284,0.010570573,0.01052949,0.011277792,0.004570165
Lewis and Clark,52.42162531604165,0.9647748808909142,Puget Sound,23.594794917436822,0.035225119109085906,28.826830398604827,76.01642023347847,-28.01533376649692,NWC,NWC,NWC,7.6221,2.3779,7.6221,2.3779,6.6221,2.3779,57.93756801,68.7378,46.56467947,0.140395514,0.1008,0.0772,0.178,0.0061,-0.0045,0,0.1159,0.0242,0.0055,8e-4,1e-4,0,0.178017238,0.171028971,0.206065461,0.268998328,0.570081401,0.224375655,0.227997609,NWC,1.3152,8.6848,1.3152,8.6848,1.3152,6.6848,33.08228867,214.1898,44.80754075,0.068483099,0,0,0,0,0,0,0,0,0,0,0,0,0,0,0,0,0,0,0
Berry,49.37705217435102,0.9916612548154823,Rhodes,10.089597453559737,0.008338745184517602,39.28745472079129,59.466649627910755,-28.112344954238196,SAA,SAA,SAA,7.8945,2.1055,7.8945,2.1055,5.8945,1.1055,65.48460498,28.992,57.04007055,0.61943591,0.4401,0.2451,0.6852,0.0773,5e-4,0,0.6598,0.3601,0.15,0.0513,0.016,0.0037,0.586968197,0.438190629,0.52200904,0.533422863,0.502627564,0.540596795,0.493167901,SAA,2.1577,7.8423,2.1577,7.8423,1.1577,5.8423,40.10257049,186.1482,51.12986344,0.095142766,0,0,0,0,-1e-4,0,0,0,0,0,0,0,0,0,0,0,0,0,0
Minnesota-Morris,15.239420050676278,0.3760511250428132,Martin Luther,19.982074890971592,0.6239488749571869,-4.742654840295314,35.22149494164787,-28.794819897965105,UMAC,UMAC,UMAC,3.5095,6.4905,3.5095,6.4905,3.5095,4.4905,42.25447826,170.1247,45.50748835,0.066379398,0.0546,0,0.0546,0,-0.0011,0,8e-4,0,0,0,0,0,0.091350437,0.064436942,0.128352538,0.188586252,0.065951783,0.060001194,0.105201697,UMAC,6.1971,3.8029,6.1971,3.8029,4.1971,2.8029,49.49525887,124.5607,41.7265883,0.067160314,0.1834,0,0.1834,0,-0.0024,0,0.0035,0,0,0,0,0,0.177153295,0.152157311,0.41254556,0.159181604,0.315079905,0.163852826,0.183871361
Mass-Dartmouth,24.712148095191125,0.7729100058202388,Massachusetts Maritime,13.28336150325667,0.22708999417976122,11.428786591934456,37.995509598447796,-28.87790410679824,MASCAC,MASCAC,MASCAC,5.9911,4.0089,5.9911,4.0089,5.9911,3.0089,52.09211673,105.9655,47.34420525,0.128234952,0.0543,0,0.0543,0,-0.2421,0,0.0023,0,0,0,0,0,0.0667905,0,0.053167473,0.077487536,0.05448525,0.05889093,0.081864699,MASCAC,4.3792,5.6208,4.3792,5.6208,4.3792,4.6208,44.77777664,157.4953,45.9229488,0.055628861,0.0036,0,0.0036,0,-0.0322,0,0,0,0,0,0,0,0.018489985,0,0.005512173,0.00659945,0.00548633,0.003665947,0.006131776
Gallaudet,24.4473655793346,0.3732249859777578,Guilford,29.390182100725895,0.6267750140222422,-4.942816521391293,53.837547680060496,-29.146263640984166,ODAC,ODAC,ODAC,1.4623,7.5377,1.4623,7.5377,1.4623,6.5377,34.69399623,213.9716,43.98215623,0.139975459,0,0,0,0,0,4e-4,0,0,0,0,0,0,0,0,0,0,0,0,0,ODAC,2.8012,7.1988,2.8012,7.1988,1.8012,6.1988,39.62585879,189.0337,44.63161779,0.075043401,0,0,0,0,0,0.005,0,0,0,0,0,0,0,0,0,0,0,0,0
Huntingdon,45.99184849313474,0.9532613452286121,Methodist,19.530659688012964,0.046738654771387944,26.461188805121775,65.5225081811477,-30.09160854971638,USAC,USAC,USAC,6.6434,3.3566,6.6434,3.3566,5.6434,1.3566,56.90599397,74.2938,50.73419112,0.134684355,0.4604,0,0.4604,0,0.0052,0,0.1135,0.0066,0.0018,1e-4,1e-4,0,0.309485195,0.2579892,0.354068555,0.517407203,0.447056453,0.303280349,0.414585488,USAC,2.8618,7.1382,1.8618,7.1382,1.8618,5.1382,36.94287103,195.9862,46.74194823,0.07865318,0.0043,0,0.0043,0,-0.002,0,7e-4,1e-4,0,0,0,0,0.063122158,0.016707497,0.007753239,0.016345167,0.012630956,0.01625132,0.006651839
Norwich,13.8259086041375,0.25282234034693496,WPI,24.076573137573316,0.7471776596530649,-10.250664533435817,37.902481741710815,-30.34639351496604,NEWMAC,NEWMAC,NEWMAC,1.5815,8.4185,1.5815,8.4185,0.5815,6.4185,34.15296117,214.8649,42.62803477,0.088597469,0,0,0,0,0,1e-4,0,0,0,0,0,0,0,0,0,0,0,0,0,NEWMAC,2.5963,7.4037,2.5963,7.4037,1.5963,5.4037,43.31299876,167.163,53.98479927,0.094367774,4e-4,0,4e-4,0,-0.0033,0.0087,2e-4,0,0,0,0,0,5.65851e-4,0,0.035087719,0.00105042,0.001890468,0.003407155,0.001736111
Pacific Lutheran,31.485863222718287,0.9454070838503847,Willamette,6.80883342182341,0.05459291614961517,24.67702980089488,38.294696644541695,-31.059734539390714,NWC,NWC,NWC,4.7649,5.2351,3.7649,5.2351,3.7649,3.2351,46.77449196,143.1395,49.87987454,0.094726948,0.0212,0,0.0212,0,-9e-4,0,0.0059,0.0014,4e-4,1e-4,0,0,0.022194305,0.020437542,0.030774999,0.258162162,0.045802709,0.046479416,0.026350971,NWC,1.659,8.341,1.659,8.341,0.659,7.341,33.562958,217.2393,41.29295901,0.060287515,0,0,0,0,0,0,0,0,0,0,0,0,0,0,0,0,0,0,0
Westfield State,27.779265899945266,0.2747497417111778,Anna Maria,37.00563179629608,0.7252502582888223,-9.2263658963508135,64.78489769624134,-31.861380359493445,MASCAC,MASCAC,MASCAC,3.5742,6.4258,3.5742,6.4258,3.5742,5.4258,41.48690087,178.6597,44.91420783,0.077062899,0.0075,0,0.0075,0,2e-4,0,2e-4,0,0,0,0,0,0.023807461,0,0.026921672,0.026236959,0.01626509,0.041393431,0.018354544,MASCAC,6.2304,3.7696,6.2304,3.7696,6.2304,2.7696,53.13051899,98.8571,47.33986668,0.092626634,0.1574,0,0.1574,0,0.0806,0,0.0038,2e-4,0,0,0,0,0.149667775,0,0.33783392,0.171142128,0.138267049,0.178137214,0.142152312
Worcester State,29.35854769642625,0.29483456853990114,Bridgewater State,37.71282690487701,0.7051654314600988,-8.354279208450762,67.07137460130326,-35.29530097251091,MASCAC,MASCAC,MASCAC,2.3361,7.6639,2.3361,7.6639,2.3361,6.6639,37.10070165,199.5413,45.44146499,0.060412731,2e-4,0,2e-4,0,-6e-4,0,0,0,0,0,0,0,7.01262e-4,5.41272e-4,0.003875969,2.09512e-4,9.59233e-4,0.001146789,6.84229e-4,MASCAC,4.4209,5.5791,4.4209,5.5791,4.4209,4.5791,45.5144368,151.9857,46.54674018,0.045272164,0.0056,0,0.0056,0,-0.0335,0,1e-4,0,0,0,0,0,0.006362768,0,-0.007615775,0.017326733,0.011525005,0.012296882,0.011658263
Roanoke,2.877141268219983,0.005576692799195236,Randolph-Macon,42.79261534855118,0.9944233072008049,-39.915474080331194,45.66975661677117,-35.62501512891184,ODAC,ODAC,ODAC,4.4611,5.5389,3.4611,5.5389,2.4611,5.5389,44.47462859,160.8652,47.530870470000004,0.079373576,0,1e-4,1e-4,0,1e-4,0.0129,1e-4,0,0,0,0,0,0.029411765,0.001579779,8.07103e-4,-1.00402e-4,1.6292e-4,0.005555556,1.57555e-4,ODAC,8.5591,1.4409,8.5591,1.4409,7.5591,0.4409,65.99226885,25.0029,55.50307251,0.443626408,0.6563,0.0342,0.6905,0.0079,0.0309,0.3066,0.6481,0.299,0.064,0.0159,0.0034,6e-4,0.161637804,0.6905,0.297542496,0.30215499,0.291437232,0,0.837030875
Juniata,17.044427962248648,0.028050905351468595,Western Connecticut,47.40326980689365,0.9719490946485315,-30.358841844645,64.4476977691423,-36.04466805248564,LAND,LAND,LAND,2.6247,7.3753,2.6247,7.3753,0.6247,5.3753,37.88093899,199.9806,43.95694791,0.079790399,0,0,0,0,-1e-4,0.0088,0,0,0,0,0,0,0,0,0,0,0,0,0,LAND,7.3911,2.6089,7.366,1.634,4.366,1.634,59.76667046,57.7011,46.55696991,0.155838069,0.1554,0.0106,0.166,0.0072,0.0483,0.6673,0.1248,0.0429,0.0076,0.0014,3e-4,1e-4,0.121163178,0.091270981,0.123874373,0.134310898,0.781620816,0.131928221,0.153261557
Buffalo State,6.749868390027146,0.023811589861275653,Union,37.55664163189053,0.9761884101387244,-30.806773241863382,44.306510021917674,-36.69596114126726,LL,LL,LL,1.5257,8.4743,1.5257,8.4743,1.5257,5.4743,33.96974615,216.2113,42.16542768,0.055006862,0,0,0,0,0,0,0,0,0,0,0,0,0,0,0,0,0,0,0,LL,5.609,4.391,5.609,4.391,4.609,2.391,51.97018754,107.5594,50.01810293,0.111693919,0.0728,0,0.0728,0,0.0221,0,0.0211,0.0027,2e-4,0,0,0,0.069347723,0.118616031,0,0.392810488,0.072902063,0.073349532,0.124985184
Concordia-Chicago,29.996910564079855,0.615194689813318,Eureka,25.40591423835408,0.384805310186682,4.590996325725776,55.40282480243393,-36.88709076995274,NACC,NACC,NACC,3.2451,6.7549,3.2451,6.7549,1.2451,6.7549,40.30234781,186.7822,45.02711186,0.062115974,0,0,0,0,0,0,0,0,0,0,0,0,0,0,0,0,0,0,0,NACC,2.6841,7.3159,2.6841,7.3159,1.6841,6.3159,38.83770254,194.6199,45.79148963,0.064320295,0,0,0,0,0,0,0,0,0,0,0,0,0,0,0,0,0,0,0
Crown,19.944124602274297,0.20100112201489098,Northwestern Minn.,33.13809939960532,0.7989988779851089,-13.193974797331027,53.082224001879624,-37.4321803218412,UMAC,UMAC,UMAC,2.6602,7.3398,2.6602,7.3398,2.6602,5.3398,38.42129081,194.8596,46.28611652,0.056146804,0.0162,0,0.0162,0,-2e-4,0,0,0,0,0,0,0,0.058725407,0.059476281,0.024675127,0.0738582,0.041574067,0.044025627,0.117056082,UMAC,4.5889,5.4111,4.5889,5.4111,4.5889,2.4111,48.63471975,131.0175,49.63661859,0.081100447,0.272,0,0.272,0,-0.0119,0,0.0075,2e-4,0,0,0,0,0.206652719,0.388623681,0.243103236,0.22233204,0.365351824,0.420790173,0.219593718
La Verne,10.966319063238277,0.023958339988646507,Pomona-Pitzer,42.235179252458195,0.9760416600113535,-31.268860189219918,53.20149831569647,-37.95736878672334,SCIAC,SCIAC,SCIAC,0.1855,7.8145,0.1855,7.8145,0.1855,6.8145,22.5637094,232.9815,35.822300920000004,0.091629086,0,0,0,0,0,0,0,0,0,0,0,0,0,0,0,0,0,0,0,SCIAC,5.9349,3.8511,5.9349,3.8511,4.9349,2.8511,52.15649906,106.7132,48.33930976,0.161928254,0.2144,0,0.2144,0,0.0818,0,0.0715,0.0094,0.0013,2e-4,0,0,0.167734688,0.385678794,0.180066325,0.19654122,0.46161349,0.266789283,0.538595789
Alfred,42.552627258521696,0.9678893362125828,Hartwick,13.496215115933321,0.032110663787417205,29.056412142588375,56.04884237445502,-39.30435010648548,E8,E8,E8,4.8254,5.1746,4.8254,5.1746,2.8254,4.1746,50.38324401,119.1834,51.72713735,0.103248114,0.0022,0,0.0022,0,-0.026,0,0.0012,0,0,0,0,0,0.002260351,0,0.047731399,0.009275639,0.018121911,0.003285544,0.00277113,E8,3.2405,6.7595,3.2405,6.7595,0.4192,6.5808,39.46023204,192.8377,42.76763113,0.065879898,0,0,0,0,0,0,0,0,0,0,0,0,0,0,0,0,0,0,0
William Paterson,33.264029796914016,0.9594703919680133,Vermont State Castleton,6.016502122110747,0.04052960803198671,27.24752767480327,39.28053191902477,-41.91174952255115,NJAC,NJAC,NJAC,3.4143,6.5857,3.4143,6.5857,2.4143,4.5857,46.3847233,146.3787,53.67294936,0.09793263,3e-4,0,3e-4,0,1e-4,0,1e-4,0,0,0,0,0,3.11139e-4,6.90589e-4,0.005328597,0.009677419,0.013687438,4.93502e-4,5.9453e-4,NA,NA,NA,NA,NA,NA,NA,NA,NA,NA,NA,NA,NA,NA,NA,NA,NA,NA,NA,NA,NA,NA,NA,NA,NA,NA,NA,NA,NA,NA
Hiram,14.394320419768395,0.005427674910811782,Washington and Jefferson,57.200137117343715,0.9945723250891882,-42.805816697575324,71.5944575371121,-42.889917957943354,PAC,PAC,PAC,3.6229,6.3771,3.6229,6.3771,2.6229,5.3771,40.04466554,188.4125,41.85305493,0.056197551,0,0,0,0,0,0,0,0,0,0,0,0,0,0,0,0,0,0,0,PAC,6.9572,3.0428,6.9572,3.0428,6.9572,1.0428,57.94145887,67.0904,51.85235215,0.219385507,0.4199,0,0.4199,0,0.3168,0.2952,0.205,0.0366,0.0142,0.0035,0.0011,3e-4,0.32719703,0.754975778,0.185235684,0.261609661,0.329180943,0.273976671,0.253385365
Coe,49.41723927822984,0.9983076388045438,Buena Vista,1.0170775386746804,0.0016923611954560763,48.40016173955516,50.43431681690453,-43.7589891153046,ARC,ARC,ARC,7.1452,2.8548,7.1452,2.8548,6.1452,1.8548,60.17645027,53.3042,53.64086824,0.334598103,0.0405,0.1925,0.233,0,-0.2342,0,0.1916,0.057,0.0252,0.0081,0.0015,3e-4,0.233233233,0.256297437,0,0.233023302,0.301284617,0.237270876,0.482102214,ARC,2.5867,7.4133,2.5867,7.4133,1.5867,6.4133,39.52608982,190.7706,46.30087541,0.266650038,0,0,0,0,0,0,0,0,0,0,0,0,0,0,0,0,0,0,0
Greenville,35.147039010598796,0.9202228718558492,Westminster Mo.,13.328577938456435,0.07977712814415065,21.818461072142362,48.47561694905523,-44.37193038773992,UMAC,UMAC,UMAC,7.0529,2.9471,7.0529,2.9471,5.2391,1.7609,55.70274778,82.5681,46.01380328,0.050089756,0.4606,0,0.4606,0,0.0196,0,0.0284,3e-4,0,0,0,0,0.282024105,0.443344808,0.513873099,0.327241319,0.31266788,0.45075573,0.293848465,UMAC,3.8052,6.1948,3.8052,6.1948,1.8052,5.1948,41.33146989,179.5409,42.65548377,0.06959723,0.0132,0,0.0132,0,-0.004,0,1e-4,0,0,0,0,0,0.080882338,0.029185022,0.021545624,0.038426493,0.057474897,0.031144799,0.069762461
St. Vincent,6.409883923265767,0.004074644687204201,Case Western Reserve,50.08473862812439,0.9959253553127959,-43.674854704858625,56.49462255139016,-45.91283598998774,PAC,PAC,PAC,1.6943,8.3057,1.6943,8.3057,0.6943,7.3057,33.02407774,218.7714,40.25051242,0.07921349,0,0,0,0,0,0,0,0,0,0,0,0,0,0,0,0,0,0,0,PAC,5.8001,3.1999,5.8001,3.1999,5.8001,2.1999,52.296153,104.6944,48.70562334,0.097080334,0.0638,0,0.0638,0,0.0079,0.1787,0.0332,0.0085,0.0037,0.001,2e-4,1e-4,0.026835419,0.064444444,0,0.063863864,0.146665247,0.137411157,0.069673474
Luther,0,0.0014729904067077731,Wartburg,46.489492720583144,0.9985270095932922,-46.489492720583144,46.489492720583144,-47.48187349016164,ARC,ARC,ARC,0.2196,9.7804,0.2196,9.7804,0.2196,7.7804,24.01108745,232.0803,37.74300872,0.234178759,0,0,0,0,0,0,0,0,0,0,0,0,0,0,0,0,0,0,0,ARC,9.5504,0.4496,9.5504,0.4496,7.5504,0.4496,73.61705533,8.6675,58.82109007,1.265735619,0.7201,0.2417,0.9618,0.6238,0.1243,0,0.9554,0.5803,0.2612,0.0903,0.0235,0.0045,0.197429748,0.306732837,0.304219415,0.114534316,0.250650543,0,0.351332154
Mount Union,67.96766750163897,0.9995010734967741,Otterbein,3.623366110846007,4.989265032258299e-4,64.34430139079296,71.59103361248498,-48.413246245092395,OAC,OAC,OAC,9.907,0.093,9.907,0.093,7.907,0.093,78.00580886,3.0071,61.24722056,1.814784151,0.96,0.0398,0.9998,0.9435,0.0017,0,0.9997,0.8611,0.6666,0.4299,0.2439,0.1011,0.9998,-2.0012e-4,-2.035e-4,0.007963261,-2.0014e-4,0.003597122,0.015283961,OAC,0.8412,9.1588,0.8412,9.1588,0.8112,7.1888,32.030257,215.5286,45.92126317,0.1000996,0,0,0,0,0,4e-4,0,0,0,0,0,0,0,0,0,0,0,0,0
Grinnell,0.9023561538752745,0.0013112329473830339,Monmouth,48.171407260320386,0.998688767052617,-47.26905110644511,49.07376341419566,-50.02869210588011,MWC,MWC,MWC,3.0807,6.9193,3.0807,6.9193,3.0807,5.9193,38.93052093,194.4397,43.29291227,0.05928967,0,0,0,0,0,0,0,0,0,0,0,0,0,0,0,0,0,0,0,MWC,8.7311,1.2689,8.7311,1.2689,8.7311,0.2689,65.92101728,25.3102,54.737086239999996,0.319467721,0.8107,1e-4,0.8108,0,-0.0028,0.1778,0.7766,0.2377,0.0355,0.0068,0.0012,3e-4,0.265637656,0.71101308,0.312110866,0.239539106,0.783794001,0.322172154,0.144176586
Benedictine,41.51634086862667,0.9842185005546037,Rockford,7.7159272685691676,0.01578149944539625,33.8004136000575,49.23226813719584,-51.07866557519601,NACC,NACC,NACC,7.8355,2.1645,7.8355,2.1645,5.8355,2.1645,59.1826519,59.5203,46.93778553,0.224371856,0.198,0.031,0.229,0,-0.3207,0.0889,0.0861,0.0027,2e-4,0,0,0,0.223320741,0.23214278,0,0.300634446,0.620062561,0.226092896,0.270824251,NACC,1.8443,8.1557,1.8443,8.1557,0.8443,7.1557,33.46569218,217.6196,41.27915743,0.065638213,0,0,0,0,0,0,0,0,0,0,0,0,0,0,0,0,0,0,0
Westminster Pa.,51.27637184084193,0.9994449075878882,Bethany,0.2731288603888551,5.550924121117777e-4,51.00324298045308,51.549500701230784,-52.84632347220886,PAC,PAC,PAC,7.9675,2.0325,7.9675,2.0325,6.9675,1.0325,60.92073562,49.6277,51.27640651,0.263824983,0.4151,6e-4,0.4157,0,0.0754,0.3128,0.3213,0.0963,0.0302,0.0074,0.0015,4e-4,-0.028770338,0.730361478,0.291165865,0.360526144,0.217220544,0.291399358,0.253457653,PAC,1.9349,8.0651,1.9349,8.0651,1.9349,6.0651,32.54779681,216.6128,40.31828845,NA,0,0,0,0,0,0,0,0,0,0,0,0,0,0,0,0,0,0,0
Beloit,5.725321863102886,0.08288306303064508,Cornell,27.3941678726316,0.917116936969355,-21.668846009528714,33.11948973573448,-53.029857154857915,MWC,MWC,MWC,0.668,9.332,0.668,9.332,0.668,8.332,24.97021006,232.8439,33.90376606,0.081087338,0,0,0,0,0,0,0,0,0,0,0,0,0,0,0,0,0,0,0,MWC,3.973,6.027,3.973,6.027,3.973,5.027,44.09795794,161.9516,46.45184172,0.056502113,1e-4,0,1e-4,0,0,0.0019,0,0,0,0,0,0,1.09637e-4,2.34742e-4,0.023809524,9.32836e-4,1.22941e-4,0.001112347,1.61238e-4
Knox,0.3830796201514488,0.011728337459651494,Chicago,35.25802836691321,0.9882716625403486,-34.87494874676176,35.64110798706466,-53.98759920750249,MWC,MWC,MWC,2.2152,7.7848,2.2152,7.7848,2.2152,6.7848,35.59118597,209.8544,41.15411841,0.062322492,0,0,0,0,0,0,0,0,0,0,0,0,0,0,0,0,0,0,0,MWC,7.11,2.89,7.11,2.89,7.11,1.89,56.64114406,74.9902,49.41984165,0.178579315,0.1007,0,0.1007,0,-0.0014,0.4177,0.0392,0.0036,3e-4,0,0,0,0.086461099,0.055367263,0.098720587,0.093783359,0.85592094,0.097545504,0.077152791
Mount St. Joseph,45.64536975600376,0.9982553525171728,Anderson,0.2577433700852829,0.0017446474828270951,45.38762638591848,45.90311312608904,-54.23772528545978,HCAC,HCAC,HCAC,6.3198,3.6802,6.3198,3.6802,4.8844,1.1156,55.14443358,85.9031,50.96509148,0.120118243,0.3696,0,0.3696,0,0.0094,0.3566,0.099,0.01,0.0018,2e-4,1e-4,0,0.134534591,0.768331358,0.224094095,0.304693935,0.097125928,0.369747899,0.29497659,HCAC,2.1234,7.8766,2.1234,7.8766,1.0094,4.9906,35.80517692,209.4267,44.280724,0.055872176,1e-4,0,1e-4,0,1e-4,1e-4,0,0,0,0,0,0,-1.0017e-4,6.42674e-4,0.01,8.77193e-4,0.001324503,0.003333333,1.35759e-4
Apprentice,40.84818785771263,0.9705800005024603,South Georgia Institute,11.269223298058021,0.0294199994975396,29.578964559654608,52.117411155770654,-57.1522075883139,NA,NA,NA,NA,NA,NA,NA,NA,NA,NA,NA,NA,NA,NA,NA,NA,NA,NA,NA,NA,NA,NA,NA,NA,NA,NA,NA,NA,NA,NA,NA,NA,NA,NA,NA,NA,NA,NA,NA,NA,NA,NA,NA,NA,NA,NA,NA,NA,NA,NA,NA,NA,NA,NA,NA,NA,NA,NA,NA,NA,NA,NA
New England College,13.282043449046526,0.026001810612540883,Curry,44.00422654092001,0.9739981893874591,-30.722183091873482,57.286269989966534,-57.36875754140408,CNE,CNE,CNE,0.8787,9.1213,0.8787,9.1213,0.8787,6.1213,30.12052322,225.7756,40.12155385,NA,0,0,0,0,0,0,0,0,0,0,0,0,0,0,0,0,0,0,0,CNE,5.9743,4.0257,5.9743,4.0257,3.9743,3.0257,50.87873998,116.0302,46.58583264,0.158284146,0.0165,0,0.0165,0,-0.0106,0.1961,0.006,1e-4,0,0,0,0,0.01685049,0.016509906,0.015644094,0.033991545,0.025197409,0.043453171,0.363796251
St. Lawrence,38.702378612962136,0.9859577262199815,Hilbert,4.514986106071085,0.014042273780018528,34.18739250689105,43.21736471903322,-58.58391950577975,LL,LL,LL,3.2124,6.7876,3.2124,6.7876,2.2124,4.7876,40.73695207,183.6891,46.57576598,0.075843591,4e-4,0,4e-4,0,-5e-4,0,0,0,0,0,0,0,4.06298e-4,0.01754386,0,0.006394411,0.003795066,5.83516e-4,0.001041938,LL,0.205,9.795,0.205,9.795,0.0263,6.9737,21.21769004,236.4829,33.0240647,NA,0,0,0,0,0,0,0,0,0,0,0,0,0,0,0,0,0,0,0
Bluffton,46.621406840510396,0.9931017450475703,Manchester,7.269664292165778,0.006898254952429756,39.35174254834462,53.891071132676174,-67.30435226483671,HCAC,HCAC,HCAC,4.543,5.457,4.543,5.457,2.4962,3.5038,45.18445521,156.0356,44.99198173,0.08351325,0.0089,0,0.0089,0,-2e-4,0.0323,8e-4,0,0,0,0,0,0.008992624,0.010540028,0.065199398,0.029873942,0.102456061,0.022279338,0.015321311,HCAC,0.2996,9.7004,0.2996,9.7004,0.2883,5.7117000000000004,24.16299482,233.0252,37.69563866,NA,0,0,0,0,0,1e-4,0,0,0,0,0,0,0,0,0,0,0,0,0
Maine Maritime,29.676743342470385,0.04610650428388106,Nichols,57.258260292998045,0.9538934957161189,-27.58151695052766,86.93500363546843,-69.22535466698112,CNE,CNE,CNE,0.1933,9.8067,0.1933,9.8067,0.1933,6.8067,20.86367441,236.9917,32.48588318,NA,0,0,0,0,0,0,0,0,0,0,0,0,0,0,0,0,0,0,0,CNE,2.3797,6.6203,2.3797,6.6203,2.3797,4.6203,40.41574886,187.0728,47.29266423,0.107776983,1e-4,0,1e-4,0,0,0.0074,0,0,0,0,0,0,1.03178e-4,0,8.78735e-4,0.03030303,0.002808989,4.69925e-4,0.002222222
Dean,10.857343602641723,0.005907543134874894,Plymouth State,52.05390566163524,0.994092456865125,-41.19656205899352,62.91124926427696,-77.19228024935386,MASCAC,MASCAC,MASCAC,0.0803,9.9197,0.0803,9.9197,0.0803,8.9197,22.16017947,234.6861,36.166159,0.09426077,0,0,0,0,0,0,0,0,0,0,0,0,0,0,0,0,0,0,0,MASCAC,8.0285,1.9715,8.0285,1.9715,7.0285,1.9715,58.95284282,63.8874,46.55480987,0.085797564,0.4055,0.0029,0.4084,0.0101,0.0552,0,0.1208,0.0061,1e-4,0,0,0,0.276727029,0,0.491262349,0.279165503,0.526006184,0.313025808,0.340859127
Illinois College,60.21537757165538,0.9993195651969862,Lawrence,3.558448962395211,6.804348030137968e-4,56.65692860926017,63.77382653405059,-77.27230357509104,MWC,MWC,MWC,7.8711,2.1289,7.8711,2.1289,6.8711,2.1289,59.9879375,53.8946,49.5750115,0.192998722,0.0853,0.0298,0.1151,0,0.0043,0.2097,0.1057,0.014,9e-4,2e-4,0,0,0.115123025,0.832248735,0.115330661,0.135366944,0.110568735,0.125247394,0.115643525,MWC,0.9583,9.0417,0.9583,9.0417,0.9583,8.0417,27.34133666,228.1448,36.71958604,NA,0,0,0,0,0,0,0,0,0,0,0,0,0,0,0,0,0,0,0
DePauw,69.67018244165355,0.9999846986090882,Oberlin,0.3413466897673487,1.5301390911690636e-5,69.3288357518862,70.0115291314209,-78.27203981713141,NCAC,NCAC,NCAC,9.0526,0.9474,9.0526,0.9474,7.0526,0.9474,68.68577113,20.18,55.27007236,0.58972057,0.4336,0.3424,0.776,0.301,0.1088,0.1534,0.7719,0.4862,0.2203,0.0831,0.0272,0.0077,0.776,0,0.431823596,0.488742407,0.483091982,0.566550129,0.458431869,NCAC,0.0123,9.9877,0.0123,9.9877,0.0123,7.9877,21.13740611,235.7738,35.08352684,NA,0,0,0,0,0,0,0,0,0,0,0,0,0,0,0,0,0,0,0
